Timestamp,Left Eye X,Left Eye Y,Right Eye X,Right Eye Y
0.5855855941772461,343.2500648498535,294.2685556411743,448.42411041259766,314.2541170120239
0.6071693897247314,345.75926780700684,294.45635318756104,450.998477935791,311.8151807785034
0.6282718181610107,351.22568130493164,294.8300313949585,461.4665985107422,315.2967596054077
0.648829460144043,344.3967819213867,294.29017066955566,457.2954559326172,312.3126268386841
0.7014906406402588,344.91943359375,293.3216428756714,458.1826400756836,317.20330238342285
0.7361853122711182,344.25785064697266,295.0218200683594,454.86217498779297,314.5134687423706
0.7713468074798584,344.0976333618164,294.5913505554199,458.7436103820801,315.7894277572632
0.8008582592010498,344.5172882080078,293.45794200897217,459.19189453125,316.119704246521
0.866889476776123,344.8510456085205,294.00700092315674,460.5295753479004,319.51586723327637
0.8850784301757812,345.2156448364258,294.1165065765381,461.23931884765625,317.84162521362305
0.9288914203643799,343.4840202331543,291.8020820617676,458.9893913269043,314.3675994873047
0.9457578659057617,343.6305046081543,291.6474723815918,456.0222816467285,312.06982612609863
0.992882251739502,341.33496284484863,289.1855049133301,454.2635154724121,310.4962491989136
1.0101239681243896,340.714111328125,287.94742584228516,451.26033782958984,310.69172859191895
1.0623805522918701,339.7201347351074,283.8661050796509,449.70895767211914,303.8864278793335
1.0805737972259521,340.4351043701172,284.63823795318604,452.0998001098633,304.61437225341797
1.1356782913208008,339.1724395751953,278.25682640075684,443.91040802001953,299.3742370605469
1.1518580913543701,338.1858253479004,277.91892528533936,442.6214599609375,298.34502696990967
1.2008318901062012,335.28446197509766,270.54020404815674,439.40595626831055,287.9912281036377
1.2163300514221191,335.7639217376709,270.70435523986816,440.0382614135742,286.8333148956299
1.2789466381072998,337.09936141967773,264.1018295288086,437.6184844970703,280.02103328704834
1.2951900959014893,337.0767116546631,264.10324573516846,436.9818878173828,278.86878490448
1.329172134399414,335.2808666229248,257.9088878631592,438.8749122619629,269.6066093444824
1.3456177711486816,334.8799228668213,258.1505870819092,437.0876884460449,270.11266708374023
1.3924429416656494,335.2416801452637,253.29487323760986,435.313777923584,265.1634120941162
1.4085719585418701,336.81241035461426,253.4151792526245,434.445743560791,265.48835277557373
1.472515344619751,335.6780815124512,250.94428539276123,434.5083808898926,261.61691665649414
1.487715721130371,336.2063407897949,250.41438102722168,434.0985679626465,261.5197277069092
1.5551226139068604,335.4723072052002,249.65945720672607,433.33648681640625,260.07325172424316
1.5773050785064697,335.46146392822266,249.46250438690186,433.34747314453125,260.21671772003174
1.6068971157073975,334.545316696167,250.28321743011475,433.48527908325195,260.0260877609253
1.6263172626495361,334.74246978759766,249.90806579589844,434.18704986572266,260.6999731063843
1.6700894832611084,336.17767333984375,249.6780824661255,434.58688735961914,261.20866298675537
1.690664529800415,336.7420768737793,249.57252502441406,434.15313720703125,261.2407922744751
1.7313916683197021,336.00247383117676,250.02342224121094,434.57422256469727,262.3235321044922
1.7525906562805176,336.2790584564209,250.00980377197266,434.3914222717285,262.0017671585083
1.7918753623962402,338.69977951049805,251.5828800201416,437.29406356811523,262.4737071990967
1.807997465133667,337.9150199890137,251.4392852783203,436.0429000854492,262.6339101791382
1.8841145038604736,339.0753364562988,252.0534896850586,438.3073616027832,263.37286949157715
1.9003040790557861,338.98158073425293,252.0761489868164,437.94137954711914,263.42243671417236
1.9352304935455322,340.0728511810303,253.18844318389893,440.4727554321289,263.99329662323
1.950392246246338,340.12195587158203,252.7538537979126,440.60977935791016,264.0021228790283
2.002920389175415,341.3839626312256,253.4584379196167,441.6518211364746,264.92352962493896
2.018394708633423,342.3214054107666,253.32940578460693,440.32155990600586,265.32673358917236
2.0641794204711914,342.07756996154785,253.7771987915039,441.9082450866699,265.54993629455566
2.080610513687134,342.1462154388428,252.93871879577637,440.4663276672363,265.4831600189209
2.133056163787842,342.33471870422363,254.5261287689209,441.28747940063477,265.8063268661499
2.151167154312134,342.35297203063965,254.5680570602417,441.534481048584,265.7143020629883
2.1924595832824707,342.6081371307373,254.28884983062744,441.98678970336914,267.23512172698975
2.210045337677002,342.74903297424316,254.27227020263672,441.6410446166992,267.2329044342041
2.2734293937683105,343.15152168273926,254.7687864303589,443.2120895385742,266.9034433364868
2.290621757507324,343.173303604126,253.75771522521973,442.45832443237305,266.5806198120117
2.3348371982574463,339.92780685424805,255.7300329208374,441.20405197143555,268.0076837539673
2.350168228149414,340.3421115875244,255.69332599639893,441.9336700439453,268.6611843109131
2.401686668395996,339.97400283813477,255.95260620117188,439.469051361084,268.9058589935303
2.416217565536499,339.6299171447754,255.9132957458496,439.7470283508301,268.348388671875
2.4818146228790283,341.1230659484863,257.36520767211914,441.1567687988281,269.3165159225464
2.497990846633911,341.22124671936035,257.3123073577881,440.4844665527344,269.2832851409912
2.529447555541992,341.90900802612305,256.69007778167725,443.55018615722656,269.89272594451904
2.545959711074829,342.3489761352539,256.752347946167,442.1889877319336,269.54110622406006
2.6083877086639404,342.12907791137695,255.93134880065918,441.9036865234375,268.48952293395996
2.6245572566986084,342.28912353515625,255.994291305542,441.5960502624512,269.374623298645
2.6724207401275635,341.41366958618164,255.48730373382568,441.9186592102051,268.25117111206055
2.6885952949523926,341.587553024292,255.28040885925293,441.76265716552734,268.3745241165161
2.7347166538238525,342.764196395874,255.169358253479,442.43513107299805,268.3724641799927
2.7499923706054688,342.6894760131836,255.02408981323242,441.93992614746094,268.8953161239624
2.800952911376953,344.6909236907959,255.21745204925537,444.4705581665039,269.18665409088135
2.816408157348633,343.50123405456543,255.87727546691895,443.4735107421875,269.16247844696045
2.863722562789917,344.3523406982422,255.28600215911865,442.7366638183594,268.7943506240845
2.881227493286133,345.1336669921875,255.34156322479248,443.26045989990234,268.8276243209839
2.93066143989563,342.5987911224365,252.79254913330078,440.8958625793457,267.4546194076538
2.9510159492492676,342.5666332244873,252.82145977020264,441.40491485595703,267.47756481170654
3.0130014419555664,341.81434631347656,252.04726696014404,441.60640716552734,265.57820320129395
3.030989170074463,341.9488048553467,251.40406608581543,441.7244529724121,265.86801052093506
3.0728893280029297,342.46551513671875,251.70342922210693,443.7628364562988,266.06157302856445
3.0891263484954834,342.38637924194336,251.45972728729248,442.1904754638672,266.0990381240845
3.1396172046661377,340.7016944885254,251.84566497802734,441.91295623779297,266.2105894088745
3.1570489406585693,340.95958709716797,251.0104465484619,441.05098724365234,265.62407970428467
3.1998484134674072,341.3926124572754,251.97482585906982,440.3938865661621,265.17804622650146
3.2140824794769287,341.1402988433838,251.76996231079102,439.7383499145508,265.01402378082275
3.264234781265259,340.91846466064453,251.7421531677246,439.93202209472656,265.66702365875244
3.2816903591156006,341.1372375488281,251.53497219085693,440.6707000732422,265.6598138809204
3.3465166091918945,339.5182704925537,253.55576992034912,439.8134994506836,265.5603075027466
3.3641397953033447,338.6580276489258,253.2109022140503,439.38438415527344,266.25436305999756
3.380549430847168,338.84422302246094,253.21290493011475,439.53609466552734,265.84044456481934
3.4078426361083984,341.0384178161621,252.71076679229736,441.6753959655762,266.1097526550293
3.477214813232422,340.0201892852783,253.08480262756348,441.30083084106445,266.9413089752197
3.49240779876709,339.2873287200928,252.94475555419922,440.8010673522949,266.5099096298218
3.535573959350586,341.1331367492676,252.44256019592285,442.3702621459961,265.20525455474854
3.550931453704834,341.5196132659912,252.67411708831787,442.3584175109863,264.90636348724365
3.618727684020996,342.132511138916,253.5335111618042,442.17430114746094,265.8003759384155
3.634432077407837,340.7097911834717,253.272385597229,441.3988494873047,265.1728820800781
3.6649138927459717,342.38019943237305,253.4346628189087,442.62786865234375,266.5919494628906
3.6815237998962402,342.20152854919434,253.51690292358398,443.4822082519531,266.1007261276245
3.7442734241485596,345.0807571411133,252.54332542419434,444.6989059448242,266.77531242370605
3.761565685272217,345.27435302734375,252.70400047302246,444.70232009887695,267.35947608947754
3.779799461364746,345.03414154052734,252.5666856765747,444.5758247375488,267.3270320892334
3.8078956604003906,342.8219699859619,252.98772811889648,443.3532905578613,265.18558502197266
3.8758392333984375,344.0987968444824,253.56584072113037,444.1574287414551,265.1682758331299
3.8926589488983154,343.612756729126,252.95024871826172,444.09297943115234,265.3621530532837
3.9381814002990723,344.12318229675293,252.6584529876709,445.4424285888672,265.75774669647217
3.95542049407959,344.33921813964844,252.69304275512695,445.36075592041016,266.0942029953003
4.001887321472168,344.77161407470703,253.49920749664307,444.37089920043945,266.4654207229614
4.013880252838135,344.06036376953125,253.0531883239746,443.8411521911621,265.8447504043579
4.065213441848755,344.7434425354004,254.0090847015381,446.2851905822754,266.92166805267334
4.082683086395264,344.5394706726074,253.95074844360352,445.412540435791,267.1325969696045
4.145491361618042,345.27971267700195,253.71989250183105,444.3949508666992,266.3710355758667
4.161705017089844,344.43206787109375,253.7957239151001,443.6749839782715,266.17242336273193
4.179877519607544,345.9163284301758,254.8086977005005,445.7917594909668,266.08351707458496
4.210012435913086,345.6852149963379,253.6003589630127,445.5943298339844,266.54953479766846
4.272918939590454,344.229211807251,253.2811975479126,444.9610137939453,266.0170841217041
4.291733503341675,344.3208312988281,253.8810682296753,445.1493263244629,266.81922912597656
4.3354291915893555,344.97650146484375,254.51735973358154,444.10593032836914,266.6392993927002
4.350616216659546,344.37798500061035,254.53611373901367,444.2526054382324,266.8776512145996
4.402166128158569,343.3512306213379,254.98568058013916,444.48925018310547,267.7815628051758
4.420047998428345,343.14358711242676,254.84972476959229,443.67130279541016,267.84331798553467
4.495347738265991,343.2526969909668,254.0572214126587,442.87450790405273,266.2104892730713
4.51403021812439,343.05553436279297,254.1342258453369,443.0133628845215,265.78853130340576
4.533012628555298,343.20759773254395,254.08448696136475,443.6104965209961,266.137490272522
4.54846978187561,343.2627010345459,254.7741937637329,444.48957443237305,266.709680557251
4.564178943634033,343.1577682495117,254.840669631958,443.37785720825195,266.7086362838745
4.608146905899048,343.04582595825195,254.40480709075928,443.2114601135254,266.83462142944336
4.673436164855957,343.54488372802734,255.06022453308105,443.1142044067383,269.0384101867676
4.690752744674683,343.47164154052734,254.5570421218872,443.2754325866699,268.34489822387695
4.73861026763916,342.49828338623047,254.80562210083008,443.6066436767578,268.95026206970215
4.755972623825073,342.6119327545166,254.804048538208,443.3902168273926,268.9987564086914
4.80191969871521,343.13127517700195,256.1686849594116,440.5986022949219,270.4397964477539
4.81693696975708,342.5198459625244,255.96665382385254,440.5920219421387,270.7000494003296
4.884450197219849,340.03825187683105,255.42128562927246,440.8767318725586,269.9402046203613
4.905616044998169,340.2694511413574,255.7975673675537,440.9124565124512,269.9064874649048
4.925829648971558,340.19853591918945,255.5817461013794,441.65517807006836,269.7173595428467
4.948541641235352,338.8685703277588,256.4447593688965,440.5184745788574,269.556941986084
4.971729516983032,338.92796516418457,256.31893157958984,440.44118881225586,269.610800743103
5.010175704956055,338.8932514190674,256.3243103027344,440.81003189086914,270.0862741470337
5.077630996704102,339.5892333984375,256.6263484954834,439.4342613220215,270.31169414520264
5.095590829849243,339.8563480377197,256.0463333129883,439.75154876708984,270.38912773132324
5.142854690551758,340.7335948944092,257.16389179229736,440.10486602783203,270.9788131713867
5.162941932678223,340.32995223999023,257.1459674835205,441.5336036682129,270.9340524673462
5.22357964515686,341.75893783569336,257.95555114746094,440.9001159667969,270.70587158203125
5.245192766189575,341.6001319885254,257.31130599975586,440.5144691467285,270.7426357269287
5.270208358764648,342.64594078063965,257.25305557250977,440.045108795166,271.2013578414917
5.2916343212127686,340.4052543640137,257.45654582977295,439.5560073852539,271.9289445877075
5.3108296394348145,340.20334243774414,258.0933380126953,440.05807876586914,271.8712377548218
5.348430871963501,340.5091667175293,257.79075622558594,440.6436538696289,271.0883331298828
5.366095542907715,340.99462509155273,257.8814935684204,439.4684028625488,271.34007453918457
5.409846544265747,341.8733215332031,257.280478477478,440.3550338745117,271.220326423645
5.472880601882935,340.2833652496338,258.2026147842407,441.0659980773926,270.0959587097168
5.489884614944458,340.78330993652344,257.0864009857178,440.58753967285156,271.2555742263794
5.540219783782959,339.0068817138672,258.3647632598877,439.3826484680176,270.8636426925659
5.556342601776123,339.2918109893799,258.18573474884033,438.9629936218262,270.9749937057495
5.620510816574097,338.67411613464355,257.07093715667725,439.44469451904297,269.2376661300659
5.638122320175171,338.3679962158203,257.31632709503174,438.726749420166,269.74608421325684
5.654639005661011,338.5435390472412,256.94912910461426,438.7558937072754,269.5635652542114
5.682388544082642,338.6404609680176,257.02428817749023,438.6555480957031,269.3392610549927
5.69773006439209,339.54182624816895,256.4723825454712,439.93114471435547,269.7085762023926
5.746331214904785,337.6817798614502,257.5510311126709,438.90356063842773,270.146541595459
5.766993999481201,337.4209213256836,257.4778747558594,438.22200775146484,270.15069007873535
5.811175107955933,339.9540328979492,256.51684284210205,437.5493049621582,270.91622829437256
5.874117136001587,339.55116271972656,256.69414043426514,438.6336898803711,269.6280097961426
5.893107891082764,339.4397258758545,256.61717891693115,439.23295974731445,270.08145332336426
5.950854063034058,338.4864807128906,256.34679794311523,440.1445007324219,269.62303161621094
5.966062784194946,337.8250026702881,257.0225715637207,439.6828079223633,269.3451404571533
5.984324932098389,338.2278060913086,256.3635778427124,439.68122482299805,269.30899143218994
6.017532110214233,340.20283699035645,255.37749767303467,439.12540435791016,268.14009189605713
6.032710313796997,341.06457710266113,255.2502965927124,439.01641845703125,267.98356533050537
6.080920696258545,338.6380386352539,251.66539192199707,438.48270416259766,264.11839485168457
6.097745180130005,338.94450187683105,251.63861274719238,439.4650459289551,263.4065866470337
6.144042730331421,339.48046684265137,244.58407402038574,436.466064453125,257.6140880584717
6.159494161605835,339.9346160888672,244.06962633132935,436.5623092651367,257.19650745391846
6.210533618927002,337.6517105102539,234.54984426498413,433.7100410461426,245.5327033996582
6.272989511489868,336.06597900390625,225.90079307556152,431.51668548583984,234.1628909111023
6.289107322692871,336.9731330871582,225.2185320854187,429.27892684936523,234.48809623718262
6.351393461227417,334.9692153930664,220.5263113975525,430.4221725463867,228.00365924835205
6.366613388061523,335.320987701416,220.21820068359375,429.40690994262695,227.4810290336609
6.381869554519653,335.603551864624,220.07773160934448,429.9137878417969,227.7590560913086
6.416352987289429,334.08639907836914,216.69231176376343,428.652286529541,225.62812328338623
6.43303656578064,334.93642807006836,216.87741994857788,429.307804107666,225.34934520721436
6.481433629989624,335.34250259399414,214.89227771759033,428.2969093322754,222.4290633201599
6.500055313110352,334.81855392456055,215.17129182815552,427.81341552734375,222.34634399414062
6.545499086380005,333.5034656524658,212.99371004104614,427.98566818237305,222.0564365386963
6.561162948608398,333.16118240356445,213.1713080406189,427.6730537414551,221.75459146499634
6.608014106750488,333.7893295288086,213.07681560516357,428.22200775146484,221.67346000671387
6.674678564071655,333.75285148620605,213.89790773391724,428.20993423461914,221.38634204864502
6.691457509994507,333.82094383239746,213.79246473312378,428.1134033203125,221.37068510055542
6.75273060798645,333.3254814147949,214.35628652572632,427.33285903930664,222.49224185943604
6.769965410232544,333.7858581542969,213.90952348709106,427.2427749633789,222.4065113067627
6.7874486446380615,333.49084854125977,214.125394821167,427.52954483032227,222.51269817352295
6.817894458770752,333.5757350921631,214.5611071586609,427.65222549438477,224.26472425460815
6.835249900817871,335.1671028137207,214.88503217697144,428.0124855041504,224.0225887298584
6.880418300628662,332.79455184936523,217.16222763061523,428.01639556884766,225.49009323120117
6.897610902786255,332.7715301513672,217.22362518310547,428.09654235839844,225.85580348968506
6.949645757675171,333.145751953125,220.16326189041138,428.96265029907227,228.39399576187134
6.967482089996338,332.8797245025635,220.27534246444702,428.2959747314453,228.01963806152344
7.00774884223938,333.00554275512695,221.6939878463745,429.3711853027344,231.69254064559937
7.089989185333252,335.5582809448242,226.73197746276855,429.8489570617676,234.61355924606323
7.105745553970337,335.35438537597656,226.34319305419922,430.2691650390625,234.4616174697876
7.12196159362793,335.61495780944824,226.62201404571533,430.5523109436035,234.13850784301758
7.151397466659546,337.9050064086914,228.23689699172974,431.49646759033203,237.82737493515015
7.166567802429199,337.97651290893555,228.1628680229187,431.65958404541016,237.80179023742676
7.216561794281006,338.9283084869385,230.30811309814453,434.23866271972656,239.39198970794678
7.23210334777832,339.16770935058594,230.06471157073975,433.7356376647949,239.86066102981567
7.281488656997681,339.46094512939453,230.9404993057251,435.8953666687012,240.7313060760498
7.297634840011597,339.83388900756836,231.57521724700928,435.8401870727539,241.18896961212158
7.345956802368164,340.37415504455566,232.75355100631714,437.7275085449219,242.5682830810547
7.361175537109375,340.5888366699219,232.2635006904602,437.7250862121582,242.60896682739258
7.407975673675537,340.6952953338623,232.98362731933594,437.297306060791,243.76845359802246
7.493991851806641,342.4170207977295,234.75160360336304,439.1061019897461,244.58733558654785
7.510428190231323,341.4074897766113,234.67272520065308,438.03028106689453,244.2282199859619
7.5270209312438965,341.23146057128906,234.67906951904297,438.4702682495117,244.47439670562744
7.551762342453003,341.29125595092773,235.37544965744019,438.29118728637695,245.82212448120117
7.565204381942749,342.0404624938965,235.31875848770142,437.64842987060547,245.3003454208374
7.616296768188477,340.6574058532715,236.41719818115234,436.9716262817383,245.781512260437
7.634440898895264,339.54153060913086,236.2726092338562,437.28397369384766,245.70077419281006
7.681311130523682,340.08177757263184,237.01704025268555,436.81461334228516,246.20078086853027
7.698506116867065,340.4612922668457,236.73316955566406,436.7778968811035,246.0412073135376
7.744519233703613,340.0942611694336,237.7275824546814,436.0369110107422,246.9405698776245
7.760411024093628,339.11059379577637,237.39356517791748,436.0042953491211,247.29772567749023
7.8285040855407715,340.3464412689209,237.56875276565552,437.1710014343262,248.36693286895752
7.845505714416504,339.6076011657715,237.96117782592773,436.60911560058594,247.91597843170166
7.889144659042358,341.96887969970703,237.4834156036377,437.8875732421875,247.83422470092773
7.905319929122925,342.7417755126953,237.32479333877563,436.8865966796875,247.79286861419678
7.952907085418701,341.60356521606445,237.49065399169922,438.4206962585449,247.92044162750244
7.9672157764434814,341.56249046325684,237.477765083313,438.82944107055664,248.28020095825195
8.018877983093262,341.13012313842773,237.66222953796387,436.462345123291,247.66478061676025
8.034290790557861,340.92031478881836,237.599515914917,436.50733947753906,247.5005865097046
8.081460952758789,341.01648330688477,237.1027135848999,436.58246994018555,247.79587268829346
8.098670721054077,340.90176582336426,237.25467681884766,436.9572639465332,247.78050899505615
8.144421339035034,339.39653396606445,235.87640762329102,435.41812896728516,246.7514991760254
8.159814834594727,338.9336967468262,236.15237474441528,437.0785140991211,246.40680313110352
8.226316928863525,337.66170501708984,233.65389347076416,434.4392204284668,243.11709880828857
8.242526292800903,337.53503799438477,233.6021089553833,434.3271827697754,242.6283073425293
8.289960861206055,334.42444801330566,227.90767908096313,431.2217712402344,237.97099113464355
8.306613206863403,334.8463439941406,227.41684913635254,429.8285484313965,236.81865692138672
8.3550546169281,336.8871784210205,217.4135398864746,428.65882873535156,228.51646900177002
8.373286008834839,336.3885307312012,217.7696943283081,426.5372657775879,228.28687191009521
8.416956424713135,335.7033920288086,207.57088422775269,423.7703514099121,217.20688819885254
8.433193445205688,337.0186138153076,207.10363626480103,422.8761291503906,216.71695232391357
8.481879472732544,333.031063079834,195.09344816207886,418.251953125,204.98969078063965
8.501670598983765,334.54809188842773,194.91107940673828,418.6827278137207,205.87831020355225
8.545572996139526,333.7502098083496,187.12150812149048,414.75292205810547,195.21040678024292
8.565085887908936,334.1991424560547,187.588312625885,415.264949798584,195.11106491088867
8.640682220458984,334.53272819519043,179.79583740234375,412.8672790527344,188.7494659423828
8.658491611480713,334.37445640563965,179.68417882919312,413.10449600219727,188.7949562072754
8.688983678817749,333.94458770751953,173.18623781204224,409.24901962280273,184.03560161590576
8.7056565284729,335.1415729522705,172.34012603759766,409.36357498168945,183.87421131134033
8.753018379211426,331.9036293029785,171.25318050384521,404.7674369812012,181.05539560317993
8.768602132797241,331.816463470459,171.54932498931885,404.76762771606445,181.48401260375977
8.817939043045044,331.0620975494385,171.78475141525269,399.76526260375977,181.2011218070984
8.833122491836548,331.20326042175293,171.5125823020935,400.25474548339844,182.02130556106567
8.880593061447144,333.1948757171631,172.4518632888794,400.12868881225586,185.6290626525879
8.896477699279785,333.2167625427246,172.38852739334106,400.00905990600586,185.46929597854614
8.96265697479248,333.64190101623535,178.58905792236328,398.80504608154297,187.6040267944336
8.978959798812866,333.87696266174316,178.63276720046997,399.2521667480469,187.416672706604
9.024344682693481,334.2981719970703,181.7087173461914,399.14350509643555,190.74995756149292
9.040957927703857,334.19145584106445,181.723530292511,399.18712615966797,190.75584411621094
9.088961601257324,336.9189453125,185.34586429595947,400.6793975830078,194.271240234375
9.1042799949646,337.8156852722168,185.24215936660767,400.8647155761719,195.13015508651733
9.151477098464966,339.2724800109863,187.46065378189087,402.46971130371094,196.94231271743774
9.166661262512207,339.2942810058594,186.78035259246826,402.7121925354004,196.74466609954834
9.217972993850708,341.104793548584,191.67922496795654,403.21300506591797,198.17600011825562
9.233184576034546,341.5074348449707,191.7126202583313,403.1269836425781,197.48340368270874
9.280462980270386,343.86634826660156,192.87101984024048,404.2149353027344,202.8481936454773
9.297651052474976,343.22948455810547,193.58251333236694,404.2979049682617,202.71816730499268
9.376715898513794,345.67644119262695,197.96501398086548,407.724552154541,205.70008277893066
9.393921136856079,347.076416015625,197.05286979675293,408.9129066467285,205.5165410041809
9.424418926239014,348.97239685058594,200.9519076347351,408.92194747924805,207.20224142074585
9.440844058990479,349.29250717163086,200.28377294540405,409.41104888916016,206.3654923439026
9.45700478553772,351.3414764404297,199.30458068847656,411.9826316833496,208.96091222763062
9.49120569229126,352.71968841552734,200.56816577911377,413.2845115661621,207.96772241592407
9.51986813545227,355.65637588500977,204.4986605644226,413.7799072265625,211.72606229782104
9.55090618133545,354.6246337890625,202.77957916259766,413.7815856933594,211.62606239318848
9.586884021759033,355.7364082336426,205.41975259780884,416.3840866088867,213.4221911430359
9.616916418075562,355.6245803833008,204.1675901412964,416.5759086608887,211.525776386261
9.647618293762207,354.42575454711914,206.27658605575562,415.65237045288086,212.17070817947388
9.681462287902832,358.76232147216797,207.42361307144165,419.7459602355957,213.3461308479309
9.729673385620117,355.19792556762695,207.62540102005005,416.7972183227539,212.98290252685547
9.75999140739441,356.9770622253418,206.76567792892456,416.6029167175293,214.37735795974731
9.795860052108765,359.15122985839844,205.9535551071167,417.2743225097656,214.48689222335815
9.8243989944458,355.11070251464844,207.9714846611023,414.9488067626953,217.47986555099487
9.85697317123413,349.90047454833984,203.7651014328003,412.01904296875,212.55901336669922
9.889724254608154,347.3925971984863,206.90199851989746,409.9973487854004,216.28658294677734
9.922048330307007,347.3581886291504,206.71667575836182,409.5878028869629,215.51944255828857
9.951432704925537,343.91178131103516,205.7451367378235,407.66021728515625,214.44296836853027
9.983515977859497,342.9101371765137,205.944721698761,406.0164451599121,212.39305973052979
10.017752647399902,342.87723541259766,207.58675575256348,406.35339736938477,216.42409086227417
10.049521207809448,337.8532409667969,208.20826292037964,404.2530059814453,214.11234855651855
10.079107522964478,341.4555358886719,207.86654233932495,405.07713317871094,215.1368522644043
10.130697250366211,336.6340637207031,209.58038806915283,401.463565826416,215.32541513442993
10.162641286849976,335.72025299072266,208.71261835098267,400.92845916748047,213.94037246704102
10.192758560180664,336.25659942626953,206.592435836792,401.7431640625,215.58125495910645
10.224961280822754,336.36940002441406,209.23653602600098,401.5069007873535,217.18976497650146
10.255892038345337,337.71718978881836,210.1211929321289,401.66961669921875,218.7288236618042
10.288999795913696,336.1294364929199,209.87287759780884,402.0359802246094,218.03646326065063
10.321346521377563,338.7388038635254,208.5321593284607,403.1099510192871,216.3634443283081
10.355076789855957,338.8810157775879,210.91105699539185,401.691951751709,219.3193531036377
10.38381576538086,340.07585525512695,210.32419681549072,402.7542495727539,217.36815690994263
10.417057275772095,338.9564323425293,208.83821725845337,403.11365127563477,219.15502309799194
10.449743509292603,345.08949279785156,212.9540777206421,404.5705986022949,219.78297472000122
10.480331420898438,336.7283058166504,210.1342248916626,403.0345344543457,217.45375156402588
10.529432535171509,340.6208038330078,214.44457054138184,404.665584564209,217.89188861846924
10.561415672302246,339.48814392089844,211.59220933914185,403.89001846313477,217.02253818511963
10.593149185180664,338.79690170288086,212.3809003829956,402.67677307128906,219.17384147644043
10.624416589736938,339.04808044433594,211.21718645095825,404.67994689941406,219.16855573654175
10.656147718429565,340.73246002197266,211.65217638015747,405.27931213378906,220.82724809646606
10.68952226638794,339.75780487060547,210.73176383972168,404.16799545288086,218.01451206207275
10.72140121459961,338.9029884338379,212.44792699813843,404.83280181884766,217.6977825164795
10.751410961151123,342.8759956359863,212.2786259651184,406.2909698486328,219.17636632919312
10.784890174865723,341.5032958984375,211.57122373580933,404.8872375488281,218.3488368988037
10.816312074661255,343.4341621398926,212.31597661972046,408.9134407043457,219.37150955200195
10.848235130310059,340.2366828918457,210.8123803138733,406.58763885498047,218.15957307815552
10.89750051498413,341.1192512512207,213.5209822654724,407.0318412780762,219.6436858177185
10.92903470993042,343.0597114562988,211.2537431716919,406.9974708557129,218.11881065368652
10.960440635681152,340.3875923156738,210.86108207702637,404.95351791381836,219.2326784133911
10.993099212646484,341.08877182006836,211.66384935379028,405.6565475463867,219.49756622314453
11.024003505706787,336.2664985656738,211.62029027938843,403.9076042175293,218.47474336624146
11.05808973312378,338.4229850769043,211.44335746765137,403.37968826293945,219.06934261322021
11.089859008789062,339.01885986328125,211.30323886871338,403.90859603881836,218.70798110961914
11.121443748474121,340.66097259521484,211.4614176750183,403.1080436706543,218.9354681968689
11.150926351547241,340.07272720336914,212.57803916931152,403.63935470581055,219.8800778388977
11.185785293579102,337.61913299560547,211.99642896652222,401.5975570678711,220.2057123184204
11.216960191726685,338.1686210632324,211.0715675354004,401.8856620788574,219.83123302459717
11.248494863510132,340.2916717529297,211.83371543884277,402.5764465332031,220.26935577392578
11.298194408416748,336.43198013305664,211.46981477737427,401.19606018066406,219.45305585861206
11.329081535339355,335.5513381958008,213.22978019714355,400.9933090209961,217.8309416770935
11.360680341720581,336.3505172729492,212.70265102386475,400.9964370727539,220.38902521133423
11.394097089767456,336.52645111083984,214.9070692062378,400.6720161437988,220.2958631515503
11.424986839294434,334.7421646118164,212.33666896820068,400.30033111572266,219.57207441329956
11.459127187728882,337.2013854980469,212.92601108551025,400.3074836730957,221.38423919677734
11.488708734512329,335.2446746826172,213.66523504257202,400.2793312072754,220.73633909225464
11.521256446838379,334.37713623046875,212.4184513092041,400.52600860595703,221.53970003128052
11.553833723068237,335.84667205810547,212.87306785583496,399.7543525695801,220.4874086380005
11.584490060806274,335.1045799255371,212.92410135269165,400.0762176513672,219.79431867599487
11.617914915084839,336.53446197509766,214.32730436325073,399.8388481140137,221.51249170303345
11.647958755493164,338.42660903930664,212.462317943573,401.0758972167969,220.81136226654053
11.69694972038269,336.4140510559082,214.45444107055664,400.9649467468262,220.46979904174805
11.729251861572266,335.05151748657227,215.73562860488892,400.0447082519531,222.78888702392578
11.760444641113281,335.5797576904297,212.75143146514893,399.64996337890625,221.52714729309082
11.793219566345215,335.1804733276367,214.17290210723877,400.5120277404785,221.24409198760986
11.827200651168823,336.88499450683594,213.61908674240112,401.69437408447266,221.1498999595642
11.85628080368042,338.38422775268555,213.16328287124634,403.12896728515625,220.56437015533447
11.88796091079712,336.0123634338379,213.7498140335083,402.4786376953125,221.6697335243225
11.921419382095337,336.7873954772949,213.82854223251343,402.5630187988281,221.57781600952148
11.9539794921875,338.3305549621582,215.93687295913696,403.4880256652832,223.42815399169922
11.984706163406372,340.6435012817383,213.20923805236816,405.2362060546875,222.65748739242554
12.015341520309448,337.3845672607422,214.6835446357727,403.55140686035156,221.51731967926025
12.049148797988892,338.06427001953125,213.0247163772583,402.0181465148926,220.71625471115112
12.097691774368286,339.17057037353516,214.23107385635376,403.78238677978516,222.025945186615
12.129073143005371,341.1724662780762,215.711567401886,405.9242820739746,222.72255420684814
12.162243127822876,340.3528594970703,213.6857771873474,404.8116111755371,220.81382989883423
12.193024635314941,342.78051376342773,215.05903244018555,407.1009826660156,220.1219916343689
12.226929426193237,342.52742767333984,214.40585374832153,407.99402236938477,224.20221090316772
12.257306337356567,342.813720703125,214.6495270729065,407.6959419250488,223.13499927520752
12.288909673690796,344.3165397644043,214.1238498687744,407.4892807006836,222.28103399276733
12.322876930236816,343.5833168029785,213.90076875686646,408.1385612487793,222.60135412216187
12.352209091186523,343.51444244384766,214.27452564239502,408.50330352783203,221.6024136543274
12.387247323989868,346.8840217590332,214.0561079978943,410.6680107116699,223.2495403289795
12.41642713546753,345.7354927062988,212.5479555130005,410.1773262023926,222.67407417297363
12.448215007781982,345.7102394104004,215.63810348510742,408.3005714416504,225.94813585281372
12.499508142471313,346.15516662597656,213.46561431884766,410.99925994873047,221.97529792785645
12.529630422592163,345.6127166748047,214.14342641830444,409.5256042480469,221.1542272567749
12.561200618743896,345.51097869873047,213.72172594070435,411.0217475891113,222.4447774887085
12.593156337738037,343.43494415283203,213.71877908706665,408.804874420166,222.02297687530518
12.625579833984375,345.12645721435547,213.29227924346924,410.87440490722656,223.46930265426636
12.656695127487183,348.7172317504883,213.27491998672485,412.8579330444336,223.9120316505432
12.689577579498291,349.7782516479492,213.85994911193848,413.6910820007324,222.85190105438232
12.72140645980835,345.8883285522461,213.67560625076294,410.72961807250977,222.27001905441284
12.75248098373413,347.44564056396484,213.3298373222351,412.0195007324219,225.02671480178833
12.788714170455933,347.34106063842773,213.1281280517578,412.7891731262207,220.30322313308716
12.816965579986572,348.36233139038086,214.0575671195984,411.3949966430664,221.0893678665161
12.848435878753662,351.35841369628906,214.3179702758789,413.80517959594727,223.3624291419983
12.912947416305542,350.72845458984375,214.26633596420288,414.48095321655273,222.21925020217896
12.951924085617065,349.88428115844727,213.2966709136963,413.37148666381836,223.4610414505005
12.971914529800415,349.82831954956055,213.5413670539856,413.7931823730469,222.0462155342102
12.996420621871948,348.5284614562988,213.363676071167,412.8107452392578,223.60716819763184
13.040608644485474,349.7809410095215,214.21455144882202,415.0630569458008,223.06222200393677
13.056600093841553,349.26443099975586,213.50995302200317,413.89848709106445,222.72958517074585
13.089102268218994,349.69120025634766,215.207097530365,413.8309669494629,222.5508213043213
13.119887113571167,350.8687400817871,214.0588402748108,414.3728256225586,223.75669956207275
13.151896953582764,348.35824966430664,213.49127769470215,413.51531982421875,222.96907424926758
13.183962106704712,348.88607025146484,215.67671298980713,413.3258056640625,224.38974380493164
13.216717004776001,350.6233215332031,215.21313428878784,414.94693756103516,224.068500995636
13.247960090637207,352.1752738952637,215.4310941696167,415.4117965698242,224.37101125717163
13.29603362083435,350.38103103637695,216.49191856384277,412.0370674133301,224.8617124557495
13.328104257583618,352.028865814209,216.4340901374817,415.3402900695801,225.50376176834106
13.36042857170105,351.9132614135742,216.14311695098877,414.75765228271484,225.18024444580078
13.393243312835693,351.3232612609863,215.18227815628052,414.6857261657715,225.68838357925415
13.424601793289185,351.27267837524414,215.27724266052246,415.34467697143555,225.174880027771
13.456779956817627,350.56854248046875,215.11810541152954,415.1799964904785,226.21269464492798
13.487961053848267,348.4248352050781,214.9669647216797,413.49050521850586,227.28331089019775
13.522052526473999,348.6185646057129,215.64916133880615,413.0850028991699,226.9633984565735
13.551390409469604,346.2742233276367,215.0927209854126,410.41839599609375,226.84628248214722
13.58428144454956,352.53196716308594,216.3689160346985,413.6907196044922,226.97599411010742
13.618475914001465,346.73316955566406,214.94009971618652,411.85022354125977,224.0537166595459
13.647923469543457,344.3765640258789,214.56175804138184,409.2681694030762,223.18674087524414
13.69696307182312,342.4559783935547,217.00623750686646,408.492374420166,225.9177589416504
13.728019952774048,344.7871208190918,215.79662561416626,407.78345108032227,224.44147109985352
13.761260032653809,344.4037437438965,216.0865044593811,407.2733688354492,223.79504442214966
13.794582605361938,338.36923599243164,214.36959743499756,403.61194610595703,224.37021017074585
13.824404239654541,339.1473197937012,214.50376510620117,403.24798583984375,224.80110883712769
13.856437683105469,337.34893798828125,216.71632289886475,401.56185150146484,227.51768589019775
13.890272617340088,338.49681854248047,215.05145072937012,402.42427825927734,227.54127502441406
13.921810388565063,334.85652923583984,215.40387868881226,399.4214630126953,223.78607511520386
13.951388597488403,333.52088928222656,216.83038473129272,396.71545028686523,224.17505264282227
13.983499526977539,335.767822265625,216.15509033203125,397.74389266967773,226.7447590827942
14.016464471817017,331.79826736450195,218.45146894454956,395.42280197143555,225.92974662780762
14.047918796539307,333.1474494934082,217.82541275024414,393.83188247680664,225.95312118530273
14.096643686294556,327.9159355163574,216.84609174728394,393.07024002075195,224.1790795326233
14.129941940307617,331.40387535095215,216.46621227264404,394.8690605163574,224.7756814956665
14.16025686264038,329.659366607666,217.28583812713623,392.8824996948242,223.59482288360596
14.194608926773071,326.6441345214844,216.68026685714722,390.4640579223633,224.9125099182129
14.224000692367554,330.17908096313477,215.4315161705017,393.6877632141113,226.69660091400146
14.256344318389893,322.5048351287842,217.0272445678711,387.582950592041,222.29190587997437
14.288166046142578,323.8759994506836,218.75375032424927,389.2030143737793,223.85796546936035
14.319827556610107,326.0995101928711,217.93314456939697,389.9154853820801,224.45220708847046
14.351098537445068,322.90721893310547,218.69409799575806,389.74023818969727,224.28686141967773
14.3834867477417,325.23149490356445,216.66841506958008,387.93508529663086,222.64707326889038
14.418487548828125,324.9773979187012,217.8348970413208,390.10425567626953,223.6299204826355
14.449259757995605,324.50918197631836,217.85486698150635,388.5387420654297,224.58216905593872
14.495913743972778,324.41521644592285,218.75388622283936,388.8658142089844,224.08936500549316
14.52863597869873,324.3385601043701,216.68326377868652,388.5227584838867,223.7841010093689
14.561546087265015,325.6510829925537,214.7268533706665,388.17543029785156,224.43735122680664
14.594605207443237,322.7575206756592,217.87312746047974,387.10790634155273,225.67144632339478
14.62498950958252,325.7301712036133,218.6253261566162,389.61320877075195,223.9700961112976
14.656558275222778,322.33155250549316,220.38819551467896,388.58943939208984,224.54744338989258
14.690707921981812,320.8780765533447,215.57395219802856,386.10931396484375,224.1588592529297
14.720979928970337,323.6723804473877,217.31441974639893,386.44250869750977,224.94476795196533
14.750921249389648,324.3251609802246,217.14983224868774,388.1051254272461,223.68701219558716
14.786668062210083,323.8847064971924,217.38188982009888,388.29870223999023,223.95674228668213
14.816691398620605,325.77600479125977,217.36282110214233,388.218936920166,226.81732177734375
14.848488330841064,323.20064544677734,217.4035906791687,388.8988494873047,223.70683193206787
14.89739727973938,324.32729721069336,216.74441814422607,386.80259704589844,224.78291988372803
14.928458213806152,324.2143249511719,217.20531463623047,388.9481735229492,223.17213535308838
14.96126651763916,324.50568199157715,217.3506259918213,390.28005599975586,225.29691696166992
14.993260622024536,324.3621635437012,214.75971221923828,390.9271430969238,225.3765606880188
15.024003505706787,324.24293518066406,215.03276824951172,390.33464431762695,224.75592613220215
15.056440591812134,327.01470375061035,217.9686141014099,392.40365982055664,222.97542572021484
15.089758157730103,324.1079902648926,217.30509996414185,389.9671745300293,223.4120750427246
15.12035584449768,325.52581787109375,218.78246068954468,393.59588623046875,226.00246667861938
15.152369976043701,326.3385009765625,215.06197929382324,390.26453018188477,226.08476400375366
15.18595027923584,324.8872756958008,215.12983560562134,390.7965660095215,224.88593816757202
15.21683645248413,322.4203300476074,216.2828779220581,387.534236907959,224.17592525482178
15.249929428100586,326.9961643218994,215.2250075340271,393.2534408569336,225.01091480255127
15.296880722045898,322.7853202819824,218.14368724822998,386.7158889770508,224.8003649711609
15.328159809112549,327.4093246459961,216.78420066833496,393.26147079467773,223.92125129699707
15.360207080841064,328.89891624450684,216.66022539138794,394.67445373535156,225.76276302337646
15.392757177352905,325.9198570251465,217.16413021087646,391.93260192871094,226.0610032081604
15.426437377929688,328.9972686767578,217.1014165878296,395.53672790527344,224.90713119506836
15.456889629364014,329.41927909851074,217.5041127204895,397.8580665588379,227.33656883239746
15.488719940185547,332.19261169433594,214.1004467010498,396.3593864440918,226.77817583084106
15.52841830253601,331.3710308074951,215.47778606414795,397.7731132507324,224.14345264434814
15.550886154174805,331.63414001464844,218.32208633422852,397.66550064086914,225.7660174369812
15.584659576416016,334.8206329345703,218.38899850845337,398.4368896484375,227.6162624359131
15.621843099594116,332.27651596069336,219.4907283782959,396.81299209594727,226.93641185760498
15.648783206939697,334.4563674926758,219.24606800079346,399.69701766967773,225.90457677841187
15.695876121520996,336.2768363952637,217.98382759094238,401.2699890136719,225.81936120986938
15.728928327560425,335.46533584594727,216.3553547859192,401.40722274780273,227.08921909332275
15.763649225234985,337.7465057373047,217.36370086669922,402.5420379638672,227.1581268310547
15.794127941131592,336.810359954834,218.11468362808228,402.2608184814453,226.42073392868042
15.824434518814087,336.49139404296875,217.62185096740723,401.9721794128418,225.31421899795532
15.856859683990479,337.5559997558594,216.15336656570435,405.25739669799805,224.73662853240967
15.888827323913574,338.43605041503906,217.36196279525757,403.0982780456543,224.69765424728394
15.921374797821045,340.15811920166016,218.7276577949524,405.67699432373047,225.848650932312
15.951401233673096,341.17034912109375,218.94789934158325,405.5583190917969,225.34142017364502
15.986724615097046,339.38873291015625,217.4852442741394,404.55299377441406,226.48143768310547
16.016868591308594,343.48676681518555,219.25739765167236,408.6764907836914,227.74422883987427
16.048595905303955,340.67630767822266,215.98088264465332,404.54198837280273,227.07356214523315
16.096726655960083,341.4547348022461,217.47496604919434,406.11162185668945,228.20609092712402
16.12924861907959,341.58897399902344,216.74290895462036,404.5278739929199,227.40382432937622
16.162724018096924,339.95086669921875,218.1428861618042,402.0494842529297,227.88397550582886
16.192732572555542,340.2482223510742,218.02966833114624,406.12110137939453,221.6293501853943
16.225658178329468,342.04538345336914,218.63897323608398,408.2065010070801,226.50712251663208
16.25857973098755,341.4552116394043,217.08767652511597,406.10904693603516,224.84999656677246
16.29004693031311,339.3340873718262,216.7012596130371,404.5068550109863,222.95766592025757
16.321377992630005,339.7067070007324,216.81198120117188,404.80655670166016,225.04871606826782
16.35140323638916,340.4489326477051,216.2522578239441,405.70756912231445,224.8421573638916
16.38513159751892,343.6240577697754,217.04894542694092,406.76719665527344,223.49324941635132
16.418787717819214,342.5428581237793,216.54272317886353,406.68018341064453,225.7609248161316
16.447997331619263,340.45915603637695,220.55180311203003,405.397891998291,228.72069597244263
16.497657775878906,339.5158386230469,216.71027183532715,403.75085830688477,223.205988407135
16.53462862968445,340.74785232543945,216.31949186325073,406.50978088378906,224.90589380264282
16.560447692871094,340.6602096557617,219.37012195587158,403.89339447021484,225.23353815078735
16.593326568603516,343.7053108215332,215.86923122406006,408.1598091125488,227.88376808166504
16.625574111938477,336.65517807006836,217.14461088180542,400.5454444885254,223.84254455566406
16.65686297416687,338.0923652648926,215.5532670021057,404.1519546508789,223.324613571167
16.689784288406372,338.8894462585449,215.15081405639648,404.38791275024414,224.21180963516235
16.7211434841156,338.4198570251465,213.4530758857727,403.84965896606445,221.37129306793213
16.750843048095703,340.23059844970703,211.6705298423767,404.09461975097656,220.13535261154175
16.783344507217407,336.2782287597656,210.5823040008545,402.03304290771484,218.149995803833
16.81787896156311,335.72559356689453,209.521222114563,402.6805114746094,215.3593897819519
16.849344968795776,334.67166900634766,208.2987928390503,400.16483306884766,213.11416625976562
16.8983154296875,334.1250991821289,208.76739978790283,400.51021575927734,213.10137033462524
16.929706573486328,335.0552558898926,205.9160614013672,401.56116485595703,209.84966039657593
16.95947551727295,334.14525985717773,204.36917781829834,401.031436920166,210.11743068695068
16.992810010910034,334.02854919433594,203.7674117088318,400.56631088256836,209.99374866485596
17.02402424812317,332.0012950897217,201.5802526473999,398.4434127807617,205.5592703819275
17.056212425231934,332.0810890197754,200.40658235549927,398.08935165405273,204.8651647567749
17.08799934387207,336.7843246459961,195.82735776901245,398.8000297546387,204.13360118865967
17.120420217514038,333.6090278625488,197.0442008972168,397.6238250732422,203.5918378829956
17.150939464569092,331.9309425354004,195.88595867156982,396.36560440063477,200.5672287940979
17.183371543884277,331.3913917541504,196.73993110656738,396.8705749511719,200.42728900909424
17.216724395751953,330.64809799194336,196.2682056427002,395.37912368774414,198.57799530029297
17.248496770858765,330.45416831970215,192.9822850227356,396.5274238586426,197.40047693252563
17.29575276374817,329.60583686828613,191.45683765411377,393.836669921875,195.238037109375
17.328027725219727,329.6738815307617,192.51927852630615,395.44946670532227,197.57391214370728
17.360472202301025,328.7203121185303,191.51304960250854,392.80527114868164,195.48542261123657
17.392372846603394,328.8183784484863,189.06407117843628,393.9366340637207,192.9999589920044
17.426144123077393,329.0103530883789,189.86248970031738,394.19921875,193.19350719451904
17.456048011779785,327.46341705322266,190.44926404953003,390.70735931396484,192.6859188079834
17.488586902618408,328.59493255615234,190.35106658935547,393.29078674316406,192.7435040473938
17.52045249938965,328.5295104980469,186.95316553115845,393.3140182495117,189.47720289230347
17.551015377044678,329.3470001220703,187.21484899520874,391.93004608154297,192.60135412216187
17.583365201950073,329.1604995727539,186.45824432373047,393.2330513000488,192.32934951782227
17.616461992263794,328.1920337677002,187.23572731018066,391.80572509765625,190.0120997428894
17.648883819580078,328.3377456665039,187.38593816757202,394.45817947387695,191.26790285110474
17.695751905441284,328.8812732696533,189.4921088218689,394.29309844970703,192.23637342453003
17.72820234298706,328.49757194519043,188.28895568847656,392.12865829467773,188.97573709487915
17.760480880737305,330.2249813079834,187.00417757034302,393.58476638793945,190.47711610794067
17.792901515960693,330.1857662200928,187.4339747428894,393.3477973937988,191.0181999206543
17.82486367225647,330.2394199371338,186.27196311950684,392.29604721069336,190.63152551651
17.85801672935486,329.5077705383301,186.14627838134766,393.884220123291,190.13742685317993
17.888229846954346,329.1104984283447,188.18060874938965,392.0621871948242,192.15192317962646
17.920421600341797,329.18556213378906,188.83045434951782,392.5681686401367,192.35009908676147
17.951414108276367,329.35720443725586,188.17614555358887,392.7340316772461,191.65527820587158
17.98345971107483,331.4237403869629,188.40100049972534,395.1264190673828,193.85092735290527
18.016894340515137,329.7029685974121,188.7278151512146,394.0699768066406,191.18373155593872
18.050241947174072,331.14606857299805,187.7276086807251,394.2533302307129,192.5122833251953
18.09648585319519,327.05822944641113,189.59881782531738,391.0292625427246,192.4915337562561
18.12808060646057,326.03729248046875,189.03239965438843,390.6122398376465,192.25561380386353
18.160531520843506,327.131290435791,189.1393232345581,392.16732025146484,191.96190118789673
18.192941188812256,326.85705184936523,189.1893482208252,390.16674041748047,192.28253602981567
18.224610805511475,328.40187072753906,188.40548515319824,391.01598739624023,193.58762741088867
18.255875825881958,328.7377452850342,188.56690406799316,390.450496673584,193.29471588134766
18.2898051738739,327.3234462738037,189.28189516067505,391.2698745727539,192.7042579650879
18.320380449295044,330.31859397888184,190.29275178909302,392.68871307373047,193.53637218475342
18.35342001914978,328.39728355407715,188.92757892608643,391.71810150146484,193.77614736557007
18.38322353363037,329.68650817871094,191.75615072250366,392.31109619140625,194.14201498031616
18.416592121124268,326.92296981811523,192.87229299545288,391.4166259765625,195.46000957489014
18.450681447982788,330.2504062652588,190.40680646896362,395.0240135192871,195.87939262390137
18.496582746505737,327.3586177825928,189.65661764144897,388.380069732666,194.57387924194336
18.535085916519165,328.5858917236328,190.43581008911133,391.196231842041,194.96721267700195
18.56049108505249,329.79825019836426,189.6701431274414,391.03918075561523,195.89880466461182
18.594424724578857,326.5053176879883,190.99886655807495,390.50559997558594,194.88515853881836
18.624403476715088,330.86368560791016,190.19888162612915,394.1998863220215,198.3825945854187
18.65585708618164,330.1354122161865,190.8118200302124,392.11498260498047,196.05927228927612
18.687718629837036,329.8308753967285,189.52556133270264,393.32386016845703,196.74525260925293
18.720475673675537,330.2090644836426,190.53294897079468,392.9535102844238,195.92799425125122
18.751415967941284,329.88195419311523,192.32316255569458,392.0289421081543,196.56526565551758
18.783267736434937,327.9396057128906,192.56069898605347,392.6222610473633,197.66831159591675
18.817569255828857,329.47532653808594,191.3778805732727,393.19957733154297,199.23744678497314
18.849724769592285,332.0217514038086,190.9628677368164,394.0070343017578,196.83609008789062
18.896246910095215,329.64125633239746,191.23661041259766,393.0976867675781,197.69589185714722
18.930060148239136,330.54503440856934,192.17514038085938,391.6470146179199,197.13943719863892
18.961440801620483,331.4821434020996,193.28505277633667,395.6422424316406,197.53942251205444
18.99225687980652,329.72153663635254,193.05283069610596,393.1270408630371,198.44672441482544
19.02555775642395,328.3103275299072,194.03522729873657,392.6539993286133,198.81616115570068
19.057866096496582,334.0428066253662,194.69738960266113,397.6984405517578,198.53052377700806
19.090115547180176,331.31195068359375,194.66145515441895,394.2995834350586,199.81995820999146
19.123650550842285,329.3520164489746,195.57525157928467,394.0496635437012,199.6031141281128
19.1517493724823,329.43639755249023,193.9326524734497,394.32132720947266,198.61604690551758
19.183167934417725,329.54535484313965,197.0379638671875,393.2723808288574,200.5250072479248
19.21750283241272,329.560604095459,197.92073249816895,390.85235595703125,201.87960863113403
19.250503063201904,326.5325927734375,199.5140790939331,389.72639083862305,203.58201026916504
19.296110153198242,328.0733299255371,197.64477968215942,390.229434967041,203.08974981307983
19.32823896408081,326.51268005371094,198.81056785583496,389.8934745788574,205.33747673034668
19.36223793029785,326.00454330444336,199.5779514312744,390.6256294250488,202.76581048965454
19.392882108688354,325.9475803375244,203.25881481170654,389.8343276977539,204.01392459869385
19.42561364173889,323.97974967956543,200.33037900924683,388.32080841064453,203.32095623016357
19.45632839202881,322.51368522644043,204.68283891677856,386.2080383300781,204.42636966705322
19.489118576049805,322.0982837677002,202.11771726608276,386.7400360107422,205.86522102355957
19.520414352416992,320.54086685180664,204.3900489807129,384.4725227355957,209.69791889190674
19.555561065673828,317.7230644226074,207.69309997558594,383.4834671020508,207.9649543762207
19.584365367889404,316.2222099304199,205.96755981445312,378.9999580383301,207.26919651031494
19.616548776626587,317.60342597961426,206.71696186065674,383.21277618408203,208.54016304016113
19.648370265960693,312.61746406555176,208.0083703994751,377.65024185180664,210.2699089050293
19.696969270706177,308.88668060302734,208.99057388305664,373.0107116699219,209.25782918930054
19.72799587249756,308.1428909301758,211.95764064788818,374.17245864868164,210.29746770858765
19.760498046875,303.84312629699707,210.7302188873291,367.52941131591797,209.69997882843018
19.79283833503723,302.1752643585205,212.0164704322815,366.11217498779297,210.96293449401855
19.824747323989868,297.95437812805176,211.8531847000122,363.1366157531738,210.47965049743652
19.855104446411133,296.1707305908203,214.07079935073853,356.8889808654785,212.26783990859985
19.888886213302612,294.01095390319824,213.5196876525879,356.8497657775879,211.05851411819458
19.921363353729248,290.7763957977295,213.6312961578369,351.7168426513672,211.87527179718018
19.95139980316162,288.80152702331543,217.8229308128357,349.351749420166,215.36293745040894
19.984358310699463,285.3273105621338,216.20250463485718,345.6375503540039,212.34211921691895
20.016775846481323,284.5312690734863,218.77962827682495,344.312686920166,213.9763641357422
20.063994884490967,283.3300304412842,218.34567546844482,343.16991806030273,215.87687015533447
20.09699296951294,286.157751083374,218.30160856246948,348.9951705932617,214.21692609786987
20.12975788116455,279.678258895874,216.73805952072144,338.7636184692383,214.20613288879395
20.16240906715393,279.6565818786621,218.99935483932495,339.76390838623047,215.43029308319092
20.193251848220825,279.66299057006836,220.40887355804443,342.16358184814453,218.81287336349487
20.226668119430542,277.03874588012695,220.95648050308228,334.5101547241211,216.45142078399658
20.25686287879944,272.5409698486328,224.8478364944458,331.5229606628418,218.58936309814453
20.288190603256226,277.1873950958252,224.1433596611023,336.23642921447754,219.7594928741455
20.32134222984314,274.949312210083,222.8857398033142,335.36492347717285,218.71268033981323
20.353911876678467,278.02138328552246,226.29661560058594,341.1393165588379,220.95628023147583
20.38707160949707,274.27645683288574,226.43755674362183,333.130464553833,218.36947917938232
20.416377305984497,272.6582431793213,227.9229497909546,332.21872329711914,224.7158646583557
20.464181900024414,275.45273780822754,224.05019760131836,334.2248344421387,219.58740234375
20.496214866638184,275.33535957336426,223.79276275634766,335.11643409729004,219.90179300308228
20.528061151504517,272.51331329345703,225.11755228042603,331.6230010986328,222.00905799865723
20.564905643463135,274.46473121643066,226.0460114479065,335.14369010925293,223.35774421691895
20.59329867362976,276.232385635376,225.88929891586304,337.58838653564453,219.28064346313477
20.624433517456055,276.1484718322754,227.79913187026978,334.76802825927734,221.46250247955322
20.656899213790894,277.84460067749023,227.50871658325195,337.62996673583984,218.70025634765625
20.688066959381104,276.9695568084717,229.6406078338623,338.70038986206055,220.08976221084595
20.72134566307068,274.1094207763672,225.36744117736816,334.93544578552246,222.83194541931152
20.751404523849487,278.27513694763184,226.77814722061157,342.7099800109863,221.91479444503784
20.783291816711426,274.5643997192383,227.1649146080017,334.6570014953613,220.14511585235596
20.816617250442505,277.29151725769043,227.09542036056519,337.41809844970703,221.78511142730713
20.86322331428528,276.98984146118164,227.68608570098877,337.39078521728516,222.7439260482788
20.895992040634155,276.1025333404541,227.80252933502197,333.17511558532715,221.1304235458374
20.92872190475464,277.2268581390381,228.29566955566406,338.4457778930664,221.81962966918945
20.96044135093689,276.6479778289795,227.29881048202515,338.77302169799805,220.51738500595093
20.992244243621826,277.2787094116211,226.54911518096924,337.4858283996582,222.13178157806396
21.023974180221558,279.854679107666,224.70256805419922,343.84037017822266,222.42491483688354
21.05775475502014,279.23994064331055,226.8789267539978,340.8361053466797,222.4781584739685
21.090781211853027,280.8661460876465,224.3371295928955,343.68677139282227,221.81550979614258
21.121394634246826,282.6686477661133,228.74971389770508,345.6951904296875,223.12889099121094
21.15244197845459,287.0867347717285,227.51935958862305,351.4406967163086,222.53069400787354
21.184781074523926,285.21605491638184,224.72821712493896,349.11062240600586,220.31244277954102
21.218909978866577,288.0482006072998,225.99054336547852,349.8460578918457,224.74833726882935
21.26335644721985,289.1248321533203,224.21856880187988,354.64765548706055,220.97914695739746
21.29638648033142,289.06225204467773,222.32939958572388,355.4756736755371,222.09438800811768
21.328705310821533,291.0335063934326,224.43449020385742,357.76174545288086,223.19125413894653
21.361254930496216,298.5471820831299,226.5704083442688,366.0792350769043,224.6057152748108
21.393688678741455,297.3646831512451,224.24580574035645,363.6701202392578,223.28761339187622
21.426161766052246,299.76037979125977,227.28790283203125,366.4067840576172,223.24729442596436
21.456860780715942,306.8807792663574,225.03912448883057,375.8910369873047,223.38605403900146
21.491925716400146,306.3903999328613,224.11104440689087,371.99167251586914,224.63481187820435
21.520336151123047,308.68138313293457,225.45456647872925,373.5387420654297,225.30848264694214
21.55242609977722,311.0763740539551,222.93371200561523,376.2938117980957,224.6442675590515
21.582946062088013,316.9618320465088,226.10629320144653,382.8018569946289,226.90865993499756
21.6163010597229,318.75349044799805,223.32839012145996,384.4375801086426,225.9243106842041
21.66338300704956,318.3046245574951,224.34799432754517,384.92942810058594,226.39771699905396
21.696391344070435,319.17747497558594,227.08600759506226,385.7564353942871,228.71063232421875
21.72817063331604,326.1003589630127,227.0331072807312,391.0901069641113,230.71143865585327
21.760432958602905,329.5641613006592,226.72741413116455,396.15407943725586,230.16363143920898
21.793741941452026,330.93445777893066,224.58480834960938,397.1366310119629,228.14080953598022
21.82454490661621,332.1108818054199,228.657546043396,398.96936416625977,234.59354639053345
21.856822967529297,334.444637298584,225.25717735290527,401.232852935791,230.6933569908142
21.887813329696655,335.39920806884766,229.77745056152344,400.78813552856445,234.05439376831055
21.921400547027588,339.08973693847656,226.36971473693848,405.9283638000488,231.27335786819458
21.952460765838623,340.7136344909668,227.83185482025146,407.2074890136719,232.78818368911743
21.986709117889404,343.24649810791016,228.2055687904358,407.9272651672363,234.74878549575806
22.016031742095947,340.9053039550781,227.6766300201416,406.57785415649414,234.90347385406494
22.064374923706055,344.0566825866699,228.5276985168457,408.49925994873047,234.3041467666626
22.09613823890686,341.185245513916,228.62870693206787,407.21763610839844,232.11951971054077
22.128817081451416,343.9278030395508,229.5239496231079,409.38507080078125,232.26895809173584
22.162248134613037,343.2532501220703,229.9780011177063,408.0423927307129,236.60962343215942
22.19298481941223,343.40497970581055,227.38379001617432,408.6018180847168,232.2757601737976
22.22513175010681,344.50801849365234,228.16181659698486,409.42373275756836,233.78738164901733
22.257664918899536,345.1986885070801,227.1829319000244,410.948486328125,233.48256826400757
22.2897527217865,341.970157623291,228.3826446533203,406.8477439880371,234.14791345596313
22.32039737701416,340.5644989013672,227.26562976837158,407.3255157470703,234.32730674743652
22.3534197807312,342.6860809326172,225.98244667053223,408.4407043457031,232.66115427017212
22.38333535194397,343.9981460571289,226.62491083145142,409.26403045654297,232.74235725402832
22.416000604629517,343.3379364013672,228.48304510116577,408.2024955749512,234.02382373809814
22.46345019340515,339.6270751953125,226.86825513839722,405.37933349609375,233.16460132598877
22.495805501937866,340.89412689208984,226.7149043083191,406.3781547546387,234.76851224899292
22.52971124649048,340.59749603271484,229.5665144920349,407.7376365661621,235.28090000152588
22.56041693687439,340.4887580871582,226.80446863174438,407.1114921569824,235.40443181991577
22.593275785446167,342.09585189819336,228.86883974075317,407.45025634765625,234.76382732391357
22.624907732009888,340.9811210632324,229.21633958816528,405.63011169433594,238.15706491470337
22.654877424240112,339.016170501709,227.75570154190063,404.71004486083984,234.34141874313354
22.689027070999146,341.37237548828125,227.6504945755005,408.71599197387695,235.16439199447632
22.720376014709473,338.64770889282227,227.60528326034546,406.4878273010254,234.139244556427
22.751909971237183,338.02526473999023,229.11036729812622,405.57682037353516,236.3089156150818
22.784183025360107,337.6021194458008,228.15935611724854,403.2081604003906,235.2134084701538
22.81786060333252,339.44408416748047,224.63544130325317,407.21221923828125,231.96255683898926
22.864118814468384,334.31753158569336,228.79295825958252,400.9087944030762,235.78867435455322
22.898755073547363,333.4135055541992,228.40303659439087,401.4322853088379,234.51728582382202
22.928274631500244,334.1849994659424,228.66256713867188,400.4617691040039,236.37113571166992
22.960434675216675,333.2696533203125,229.07109260559082,401.10761642456055,233.36426496505737
22.994240522384644,335.8504867553711,231.37227058410645,399.174747467041,236.42799139022827
23.02397131919861,327.3930549621582,227.6127576828003,394.1941452026367,235.84977865219116
23.055803537368774,331.8817901611328,229.84750986099243,396.53507232666016,238.163959980011
23.08786392211914,326.2454414367676,228.59070539474487,390.9092140197754,237.86447525024414
23.12264132499695,326.26678466796875,230.94995498657227,393.6073684692383,237.60709047317505
23.152379989624023,328.98722648620605,229.6471381187439,394.8433494567871,237.79264211654663
23.183979988098145,323.06196212768555,228.7709927558899,391.3989067077637,234.17396306991577
23.216075897216797,319.7994899749756,231.51876211166382,386.7458152770996,235.76595067977905
23.26352548599243,321.9083023071289,229.62706089019775,388.79186630249023,236.14702463150024
23.296987771987915,325.9573745727539,230.69114685058594,392.4083709716797,237.14708805084229
23.328012228012085,318.82890701293945,228.64686012268066,386.6729736328125,235.12581825256348
23.360445261001587,319.4247531890869,230.17935276031494,386.01898193359375,235.47778129577637
23.392964839935303,317.6326560974121,228.31910133361816,384.43546295166016,234.0265130996704
23.42667245864868,319.04415130615234,229.80135440826416,384.6846389770508,236.68320894241333
23.458006143569946,318.53428840637207,227.20008373260498,387.1596145629883,235.71053266525269
23.48954677581787,317.1325969696045,231.4497971534729,381.7689895629883,238.51085901260376
23.520389556884766,314.33704376220703,230.22340536117554,381.8791961669922,236.78006172180176
23.551444053649902,319.0311622619629,230.88855743408203,387.03012466430664,234.85856294631958
23.58953046798706,312.63697624206543,232.12552070617676,381.1529731750488,234.56732511520386
23.616366147994995,316.30849838256836,228.89726400375366,383.6690902709961,234.40986156463623
23.6648166179657,312.9942226409912,228.51336479187012,377.90842056274414,233.05532455444336
23.6962947845459,312.3804473876953,231.6120457649231,376.4915466308594,233.32634925842285
23.72972273826599,315.0126075744629,232.0126175880432,379.9898338317871,234.32997465133667
23.761470317840576,315.266695022583,228.69064807891846,384.1840362548828,235.34399271011353
23.792256355285645,319.1650199890137,230.31119585037231,383.7189292907715,237.36111402511597
23.82693648338318,312.1260356903076,229.5096731185913,378.33093643188477,235.60692071914673
23.857056379318237,314.16964530944824,228.95009994506836,382.30899810791016,234.47463512420654
23.888684034347534,313.56078147888184,231.1144208908081,381.7191696166992,235.59298038482666
23.92046093940735,311.62610054016113,228.16580772399902,377.7547264099121,233.13976049423218
23.952415943145752,318.04019927978516,231.2399196624756,386.84288024902344,236.6341781616211
23.9839186668396,318.2901668548584,231.017746925354,386.57474517822266,237.1695327758789
24.01616382598877,314.4111156463623,230.22839069366455,380.5438232421875,236.2985873222351
24.06400156021118,317.45065689086914,230.9841513633728,383.1441307067871,235.21146297454834
24.097451210021973,317.09423065185547,232.8126883506775,385.1021194458008,236.36826753616333
24.13025426864624,318.46885681152344,230.5365800857544,387.51516342163086,235.45314073562622
24.160425424575806,317.38000869750977,230.09421586990356,384.58765029907227,234.68450546264648
24.19371247291565,318.9529800415039,231.12251043319702,387.8399467468262,235.7758355140686
24.225584030151367,320.0813674926758,230.66569805145264,386.7994689941406,234.7918725013733
24.256778478622437,320.36603927612305,233.71373176574707,385.19744873046875,240.39615154266357
24.290783405303955,323.4152889251709,228.69200706481934,390.49585342407227,236.52944326400757
24.320353269577026,321.78157806396484,230.00548839569092,391.047306060791,236.29245042800903
24.35239291191101,324.0653896331787,232.84468173980713,390.47101974487305,238.4279465675354
24.38386344909668,324.60984230041504,229.13403511047363,390.93170166015625,235.12656211853027
24.417027950286865,324.0694046020508,231.98508024215698,390.8584403991699,236.79468870162964
24.463491916656494,324.46184158325195,230.02651691436768,392.34968185424805,235.61819314956665
24.49795961380005,326.58178329467773,230.35235166549683,395.01529693603516,235.27668714523315
24.529900550842285,327.9861068725586,230.44711589813232,394.16202545166016,235.49840927124023
24.560778617858887,328.5760498046875,234.42148447036743,393.4798812866211,239.17317867279053
24.5970516204834,332.72074699401855,229.78144884109497,399.2986488342285,236.19101285934448
24.62533926963806,330.6764030456543,230.46223640441895,397.22938537597656,239.0478515625
24.655935049057007,334.3759059906006,232.15477466583252,400.27368545532227,240.2593231201172
24.689975023269653,334.7741889953613,230.0932502746582,401.1251640319824,234.10619974136353
24.72441792488098,335.6605339050293,231.4761185646057,400.6731605529785,236.3412308692932
24.752511739730835,335.6068515777588,230.23438453674316,401.6640853881836,237.13749647140503
24.783347845077515,334.7123718261719,232.55853652954102,399.97039794921875,236.67072772979736
24.817166566848755,337.1419143676758,230.32845497131348,404.44833755493164,236.27736568450928
24.864067316055298,336.54003143310547,229.23877000808716,402.0248222351074,237.07737922668457
24.899422883987427,339.0362548828125,230.11006593704224,403.91590118408203,236.79253578186035
24.93325901031494,336.2554740905762,229.32286262512207,404.43042755126953,237.11553812026978
24.962629556655884,340.36033630371094,229.18401718139648,405.4709815979004,237.1108603477478
24.991472482681274,337.32826232910156,230.09124755859375,404.2582321166992,234.80319499969482
25.024518728256226,340.753173828125,229.16624307632446,407.0148468017578,236.29517555236816
25.05654549598694,338.13724517822266,227.3726463317871,404.7227096557617,234.2535138130188
25.08740544319153,340.3061294555664,230.82647323608398,406.7820167541504,236.2742042541504
25.120370626449585,338.5494613647461,230.46483278274536,403.8193893432617,237.27941751480103
25.152183055877686,339.24970626831055,229.15763139724731,405.9592628479004,236.572687625885
25.183443307876587,339.6746826171875,231.27504587173462,405.33470153808594,237.50842094421387
25.216116666793823,340.3212547302246,231.02802515029907,405.9250259399414,235.89464664459229
25.265264987945557,342.33325958251953,231.43301725387573,408.57255935668945,237.4976348876953
25.295976161956787,339.89782333374023,229.8599910736084,408.3602523803711,236.66319608688354
25.328667640686035,343.0017852783203,231.42724514007568,409.04138565063477,237.57210731506348
25.361233472824097,340.92105865478516,230.87302207946777,408.4257507324219,234.39186573028564
25.392566919326782,341.7668342590332,230.7962679862976,409.2051696777344,238.2798171043396
25.424432516098022,343.3178901672363,232.47751235961914,409.6039390563965,239.94595527648926
25.456892728805542,342.09463119506836,229.87792253494263,407.44760513305664,236.3328766822815
25.487816333770752,344.4961357116699,231.96852922439575,409.70617294311523,237.3126983642578
25.52141809463501,340.54555892944336,231.3559126853943,405.9588050842285,240.76533794403076
25.552513122558594,341.7212677001953,230.7827925682068,410.09729385375977,235.61915159225464
25.589545249938965,339.57666397094727,231.92229509353638,405.16347885131836,239.38130378723145
25.61809229850769,339.37156677246094,229.71957921981812,405.0869941711426,238.17506790161133
25.66340661048889,341.37170791625977,230.27411699295044,408.2350540161133,237.37958192825317
25.697966814041138,344.69959259033203,231.0940647125244,411.21776580810547,235.40870189666748
25.728626489639282,344.25703048706055,232.08309888839722,409.96816635131836,239.89600896835327
25.760453701019287,343.68844985961914,230.16287326812744,408.9053535461426,237.76899576187134
25.79288935661316,343.7803840637207,231.282799243927,408.93884658813477,236.57581329345703
25.82656717300415,345.35905838012695,231.48253440856934,411.3111686706543,238.00588130950928
25.85719895362854,342.68890380859375,231.84872388839722,406.56837463378906,242.55479335784912
25.88851237297058,350.1594352722168,233.11259508132935,412.5980758666992,240.0260853767395
25.920374155044556,348.3134460449219,232.0564341545105,414.5952606201172,237.03510761260986
25.952406406402588,348.14746856689453,231.7841649055481,413.02101135253906,240.23363828659058
25.98491382598877,351.2988090515137,231.82093620300293,416.30958557128906,236.56358242034912
26.01565146446228,350.8655548095703,233.3791708946228,413.3043670654297,239.28761959075928
26.064626932144165,352.3210906982422,232.81635761260986,416.66656494140625,236.99785709381104
26.095952033996582,354.44833755493164,233.03453922271729,417.90836334228516,238.23651552200317
26.128905534744263,354.6510696411133,231.79994344711304,417.9726791381836,237.89169073104858
26.16002345085144,353.2077980041504,233.0236315727234,418.4008026123047,240.0371217727661
26.19261622428894,357.2066307067871,232.1509337425232,420.3119468688965,237.37457513809204
26.22548794746399,356.09521865844727,232.4026107788086,418.8360595703125,244.15366172790527
26.255857467651367,357.87221908569336,233.95533800125122,420.0118064880371,243.5075855255127
26.28826355934143,361.0171699523926,234.5194172859192,421.62206649780273,242.65053749084473
26.32024645805359,357.1402931213379,233.10506343841553,418.7845802307129,241.88957691192627
26.352497816085815,359.5744514465332,236.2034296989441,424.6738815307617,243.4012269973755
26.386107921600342,355.82311630249023,234.70129251480103,419.1358947753906,243.22258472442627
26.41697597503662,356.3974380493164,230.938081741333,420.65799713134766,239.34940338134766
26.464223623275757,355.9230613708496,233.64461660385132,418.6010932922363,242.3805856704712
26.496145009994507,353.95206451416016,232.76392936706543,416.876163482666,243.73857021331787
26.530224323272705,358.76842498779297,235.76931953430176,422.2564506530762,244.98215675354004
26.562440156936646,359.97657775878906,232.66056776046753,423.887882232666,239.11980628967285
26.5991051197052,357.00971603393555,231.95531845092773,419.70232009887695,237.80421495437622
26.62645149230957,357.14115142822266,235.2133297920227,422.0524597167969,245.36321640014648
26.657763957977295,357.96579360961914,234.76316213607788,422.3584747314453,242.72070407867432
26.68814706802368,357.6033401489258,233.8417911529541,421.97608947753906,244.682936668396
26.721339225769043,353.49239349365234,233.60187292099,417.3756980895996,242.24709033966064
26.75215458869934,353.5464859008789,233.3847999572754,417.96112060546875,243.15569400787354
26.784669399261475,351.5605354309082,232.66804218292236,417.9368019104004,241.6816234588623
26.814799308776855,355.04323959350586,232.77004480361938,419.2053985595703,238.18209171295166
26.86447834968567,350.86652755737305,232.6557183265686,412.69012451171875,241.30914688110352
26.896859169006348,348.25340270996094,231.49263381958008,411.78409576416016,239.3780493736267
26.928017139434814,349.6466255187988,232.21582174301147,413.88160705566406,240.96166133880615
26.96221661567688,342.49441146850586,231.85468912124634,407.6194190979004,241.6016149520874
26.992899656295776,346.32307052612305,231.96438074111938,411.49892807006836,241.61217212677002
27.02599287033081,342.4675941467285,231.98423624038696,408.7403106689453,240.6351113319397
27.057093143463135,340.6859588623047,230.43580055236816,408.08685302734375,236.3373613357544
27.08834671974182,340.33823013305664,232.2293186187744,407.8386688232422,236.70780658721924
27.12040376663208,337.6023864746094,232.13983297348022,403.3304214477539,237.8626585006714
27.155635356903076,341.00996017456055,230.81812620162964,405.57445526123047,238.5697317123413
27.189660787582397,333.7963581085205,230.16594886779785,402.0202445983887,237.95408248901367
27.215262174606323,334.7688865661621,231.27297163009644,401.2794303894043,239.75110530853271
27.263200521469116,333.1121635437012,229.6245288848877,399.91525650024414,236.20442390441895
27.297855377197266,332.7222442626953,230.51982879638672,400.2640724182129,237.5356364250183
27.330761194229126,330.3943157196045,231.0106873512268,394.5857810974121,241.2174367904663
27.3604576587677,327.1260452270508,230.01269102096558,393.80353927612305,239.58250522613525
27.393245697021484,323.5913562774658,234.20976161956787,384.74082946777344,241.20150089263916
27.424439430236816,328.70741844177246,231.9432020187378,394.6417427062988,238.42120170593262
27.460855722427368,325.17900466918945,234.4101119041443,390.4416275024414,240.32637119293213
27.48877453804016,322.7725601196289,230.7037854194641,389.5877265930176,238.09817790985107
27.520429372787476,321.91012382507324,231.2051510810852,389.4960021972656,237.80722618103027
27.55242085456848,322.51380920410156,232.49718189239502,388.850040435791,235.83781242370605
27.584389686584473,322.7459716796875,231.15867376327515,389.39197540283203,235.93860626220703
27.623971462249756,318.2260513305664,234.3078088760376,383.57250213623047,238.53923320770264
27.663599491119385,319.0819263458252,234.54351425170898,383.98157119750977,240.42150020599365
27.69600749015808,322.2416114807129,232.08096027374268,389.15178298950195,238.46664905548096
27.729042291641235,317.25494384765625,233.18761110305786,385.7063293457031,238.6200714111328
27.760001182556152,314.9858856201172,235.29967546463013,378.7031936645508,239.3035912513733
27.793028354644775,320.47694206237793,234.80279445648193,385.13200759887695,237.4514651298523
27.82546305656433,319.6912670135498,231.9647240638733,386.5442085266113,236.8682599067688
27.855990409851074,321.0152053833008,235.9030294418335,385.8266258239746,239.89327669143677
27.88883900642395,319.9902057647705,231.66372299194336,385.9826469421387,235.2170205116272
27.92245626449585,316.0457229614258,233.47756147384644,384.0681838989258,236.0643982887268
27.952752351760864,314.3412971496582,232.6660966873169,382.83935546875,237.74818181991577
27.98404026031494,314.0864562988281,232.0737075805664,383.01488876342773,235.35452127456665
28.014650344848633,316.50230407714844,231.85920238494873,382.94715881347656,236.6748332977295
28.064186573028564,315.62764167785645,237.75923252105713,382.3807716369629,237.27524042129517
28.09718155860901,314.4895935058594,233.11296701431274,382.8829574584961,236.42781257629395
28.133678913116455,309.9150276184082,236.92948579788208,371.3079071044922,241.16692543029785
28.16206669807434,312.69351959228516,237.6233983039856,380.5050468444824,237.50441551208496
28.19264054298401,313.3822441101074,236.16374015808105,379.1607093811035,237.8804612159729
28.225491523742676,313.4510803222656,234.80161428451538,381.9423294067383,236.4905548095703
28.257001399993896,315.4927921295166,237.1310520172119,382.7433776855469,238.07783603668213
28.289488792419434,314.54724311828613,234.66537952423096,379.0651321411133,237.17982530593872
28.32139801979065,311.98888778686523,232.37596035003662,375.9203338623047,236.59778594970703
28.3542001247406,313.6232376098633,233.24360847473145,380.9023666381836,235.65840482711792
28.383914709091187,313.4983158111572,232.00437784194946,382.76819229125977,237.38139867782593
28.41600728034973,317.1104621887207,235.16107320785522,383.189697265625,238.2125973701477
28.464221715927124,314.2466354370117,234.5345664024353,382.32078552246094,237.52981424331665
28.49610471725464,317.87734031677246,230.57239294052124,385.6347465515137,235.06938457489014
28.529895305633545,316.0366439819336,233.86716842651367,380.87528228759766,238.98366451263428
28.56223702430725,318.3928966522217,233.98379802703857,386.7367172241211,238.98491621017456
28.593748569488525,315.93475341796875,233.10505628585815,383.92913818359375,237.43723154067993
28.63158130645752,317.42091178894043,234.15347814559937,383.6757469177246,239.08518075942993
28.65729546546936,321.88472747802734,231.72765970230103,388.5534477233887,236.85449838638306
28.688754320144653,316.7192840576172,232.94880151748657,382.0650291442871,236.2056541442871
28.723632097244263,321.07425689697266,233.95962953567505,384.7235679626465,235.72146892547607
28.753845691680908,321.17005348205566,234.00386810302734,388.95992279052734,237.06692934036255
28.78941059112549,319.6781921386719,235.31952381134033,386.65056228637695,237.7005672454834
28.818766355514526,319.7840118408203,232.87059545516968,386.9314765930176,236.6835594177246
28.867509841918945,324.059362411499,233.17737579345703,391.3031005859375,238.23923349380493
28.897753953933716,327.0979118347168,230.97501039505005,394.71519470214844,236.81121826171875
28.929142713546753,327.8155326843262,233.4417700767517,395.3969192504883,238.10533046722412
28.961568117141724,331.1255073547363,233.92224311828613,397.1534729003906,238.46599102020264
28.9960355758667,329.5344924926758,233.00097227096558,396.0769271850586,238.32778215408325
29.032716035842896,334.26586151123047,232.721529006958,398.8809585571289,240.70156574249268
29.061073541641235,333.7688446044922,233.52182149887085,401.97282791137695,239.56619024276733
29.087627410888672,335.4075622558594,233.10268878936768,399.73520278930664,238.67750644683838
29.120167016983032,333.04174423217773,232.70643711090088,401.86309814453125,237.78469562530518
29.152371644973755,337.78650283813477,234.46548700332642,404.5791244506836,238.30663919448853
29.183429718017578,336.7306137084961,235.5871295928955,401.6641616821289,241.75605297088623
29.216065883636475,339.97724533081055,235.36603689193726,404.83428955078125,242.9139518737793
29.263275146484375,343.31668853759766,237.36788034439087,405.84497451782227,243.07478427886963
29.29711365699768,343.5443305969238,235.45939922332764,409.73989486694336,241.38954162597656
29.3289737701416,342.9323196411133,235.7918643951416,408.107967376709,244.53892707824707
29.35994815826416,346.6082763671875,235.75427055358887,409.7903823852539,242.74712562561035
29.393938541412354,347.0448875427246,235.92596769332886,409.7123336791992,241.57713890075684
29.425650358200073,350.4697608947754,234.64015245437622,415.9036636352539,243.29821586608887
29.456887245178223,347.1457862854004,236.20394468307495,412.5540351867676,240.91966152191162
29.488113403320312,346.56463623046875,236.33952856063843,411.6085433959961,241.483154296875
29.52269673347473,349.20215606689453,236.5246295928955,413.08691024780273,241.93366527557373
29.554538249969482,349.0932083129883,236.4004683494568,413.02223205566406,246.53380393981934
29.583096504211426,351.3736915588379,237.8170108795166,417.1535301208496,245.33658027648926
29.63718008995056,348.49897384643555,236.17231607437134,412.36324310302734,242.8205680847168
29.664992094039917,350.7088851928711,235.8612298965454,414.4024848937988,247.00640201568604
29.69590950012207,351.0490608215332,237.22917795181274,414.9559783935547,241.85035228729248
29.728944063186646,349.12837982177734,237.64291048049927,413.43347549438477,246.95606231689453
29.760436058044434,347.70700454711914,236.11661911010742,411.7392349243164,243.61088275909424
29.793156385421753,348.2982063293457,236.0607933998108,413.97653579711914,243.56647968292236
29.825605154037476,350.46871185302734,236.23688220977783,415.66808700561523,240.85319995880127
29.85682702064514,348.94214630126953,234.99104261398315,412.49820709228516,243.0139446258545
29.88908338546753,347.74658203125,235.02290725708008,412.97815322875977,242.32463836669922
29.921417713165283,350.6154441833496,236.01757049560547,415.1391410827637,245.74092864990234
29.952390670776367,350.8112144470215,238.28593969345093,416.62384033203125,242.39245891571045
29.9836585521698,348.66443634033203,236.22970819473267,412.09178924560547,240.8183240890503
30.04733157157898,347.67385482788086,234.4350242614746,412.25561141967773,240.1413345336914
